<?xml version="1.0" encoding="utf-8" ?>
<component name="vstest" extends="Scene">
    <script type="text/brightscript" uri="pkg:/components/vstest.brs"/>

    <children>
        <Rectangle 
           id="backgroundRect"
           width="1280" height="720"
           color="0xC4EFF7"
           translation="[0,0]" />
        <Poster
            id="blueA"
            uri="pkg:/images/blue.png"
            width="400" height="65"
            translation="[100,250]"/>
        <Poster
            id="blueB"
            uri="pkg:/images/blue.png"
            width="400" height="65"
            translation="[100,300]"/>
        <Poster
            id="blueC"
            uri="pkg:/images/blue.png"
            width="400" height="65"
            translation="[100,350]"/>
        <Poster
            id="blueD"
            uri="pkg:/images/blue.png"
            width="400" height="65"
            translation="[100,400]"/>
        <Poster
            id="orangeNext"
            uri="pkg:/images/orange.png"
            width="400" height="65"
            translation="[100,450]"/>

       <Button
           id="startButton"
           text="Start Quiz"
           translation="[600,600]"
           focusable="true" />

        <Timer id="countdownTimer" duration="1.0" repeat="true"/>

        <Label id="titleLabel" text="THINK FAST! insert logo here or whatever" width="840" height="50" translation="[100,50]"/>
        <Label id="timerLabel" text="Time: 10" width="400" height="50" translation="[840,50]"/>
        <Label id="questionLabel" text=" " translation="[100,200]" textColor="0x073F5C"/>
        <Label id="scoreLabel" text="Score: " translation="[840,100]" textColor="0x449EBC"/>
    
        <ButtonGroup  
        id="group" translation="[100,250]" minWidth="400" 
        focusedtextcolor="0xFFFFFFFF" textcolor="0x449EBC">
            <Button id="btnA" text="A!" focusBitmapUri="pkg:/images/yellow.png" focusedTextColor="0xFFFFFFFF" textColor="0x449EBC"/>
            <Button id="btnB" text="B!" focusBitmapUri="pkg:/images/yellow.png" focusedTextColor="0xFFFFFFFF" textColor="0x449EBC"/>
            <Button id="btnC" text="C!" focusBitmapUri="pkg:/images/yellow.png" focusedTextColor="0xFFFFFFFF" textColor="0x449EBC"/>
            <Button id="btnD" text="D!" focusBitmapUri="pkg:/images/yellow.png" focusedTextColor="0xFFFFFFFF" textColor="0x449EBC"/>
            <Button id="next" text="Next" focusBitmapUri="pkg:/images/yellow.png" focusedTextColor="0xFFFFFFFF" textColor="C4EFF7"/>
        </ButtonGroup>

        <Button id="replay" text="Replay" translation="[590,360]" minWidth="100" focusBitmapUri="pkg:/images/yellow.png"/>
        <Label id="feedbacklabel" text=" " translation="[100,600]"/>
    </children>
</component>