<?xml version="1.0" encoding="utf-8" ?>
<component name="vstest" extends="Scene">
    <script type="text/brightscript" uri="pkg:/components/vstest.brs"/>
    <children>
        <Rectangle
           id="backgroundRect"
           width="1280" height="720"
           color="0xC4EFF7"
           translation="[0,0]" />
        <Poster
            id="blueA"
            uri="pkg:/images/blue.png"
            width="400" height="65"
            translation="[100,350]"/>
        <Poster
            id="blueB"
            uri="pkg:/images/blue.png"
            width="400" height="65"
            translation="[100,400]"/>
        <Poster
            id="blueC"
            uri="pkg:/images/blue.png"
            width="400" height="65"
            translation="[100,450]"/>
        <Poster
            id="blueD"
            uri="pkg:/images/blue.png"
            width="400" height="65"
            translation="[100,500]"/>
        <Poster
            id="orangeNext"
            uri="pkg:/images/orange.png"
            width="400" height="65"
            translation="[100,550]"/>
        <Poster
            id="StartColor"
            uri="pkg:/images/blue.png"
            width="240" height="65"
            translation="[500,300]"/>
        <Poster
            id="TimerColor"
            uri="pkg:/images/blue.png"
            width="240" height="65"
            translation="[500,349]"
            />
        <Poster
            id="Toptions5"
            uri="pkg:/images/blue.png"
            width="210" height="65"
            translation="[520,450]"
            />
        <Poster
            id="Toptions10"
            uri="pkg:/images/blue.png"
            width="210" height="65"
            translation="[520,500]"
            />
        <Poster
            id="Toptions15"
            uri="pkg:/images/blue.png"
            width="210" height="65"
            translation="[520,550]"
            />
        <Poster
            id="ToptionsBack"
            uri="pkg:/images/blue.png"
            width="210" height="65"
            translation="[520,600]"
            />
        <Poster
            id="title_blue"
            uri="pkg:/images/title_blue.png"
            width="600" height="200"
            translation="[0,0]"/>
            <Animation
                id="blueAnimation"
                duration="1"
                repeat="false"
                startOffset="0.0"
                easeFunction="inOutExpo">
                <Vector2DFieldInterpolator
                    fieldToInterp="title_blue.translation"
                    key="[0.0, 0.20, 0.40, 0.60, 0.80, 1.0]"
                    keyValue="[[0,295], [200,295], [585,60], [585,470], [60,470], [50,50]]" />
            </Animation>
        <Poster
            id="title_orange"
            uri="pkg:/images/title_orange.png"
            width="600" height="200"
            translation="[0,0]"/>
            <Animation
                id="orangeAnimation"
                duration="1"
                repeat="false"
                startOffset="0.5"
                easeFunction="inOutExpo">
                <Vector2DFieldInterpolator
                    fieldToInterp="title_orange.translation"
                    key="[0.0, 0.20, 0.40, 0.60, 0.80, 1.0]"
                    keyValue="[[0,265], [230,265], [615,30], [615,500], [30,500], [70,30]]" />
            </Animation>
        <Poster
            id="title_yellow"
            uri="pkg:/images/title_yellow.png"
            width="600" height="200"
            translation="[0,0]"/>
            <Animation
                id="yellowAnimation"
                duration="1"
                repeat="false"
                startOffset="1.0"
                easeFunction="inOutExpo">
                <Vector2DFieldInterpolator
                    fieldToInterp="title_yellow.translation"
                    key="[0.0, 0.20, 0.40, 0.60, 0.80, 1.0]"
                    keyValue="[[0,235], [260,235], [645,0], [645,530], [0,530], [90,10]]" />
            </Animation>
        <Poster
            id="thinkfast"
            uri="pkg:/images/thinkfast.png"
            width="650" height="140"
            translation="[0,0]"/>
            <Animation
                id="thinkfastAnimation"
                duration="1"
                repeat="false"
                startOffset="1.2"
                easeFunction="inOutExpo">
                <Vector2DFieldInterpolator
                    fieldToInterp="thinkfast.translation"
                    key="[0.0, 0.20, 0.40, 0.60, 0.80, 1.0]"
                    keyValue="[[0,260], [170,260], [555,25], [555,555], [-95,555], [20,40]]" />
            </Animation>

<ButtonGroup id="menuButtonGroup" translation="[500,300]" orientation="vertical" minWidth="200" minheight="65" 
               textColor="0xFFFFFFFF" focusedTextColor="0xFFFFFFFF">
            <Button
               id="startButton"
               text="Start Quiz"
               focusable="true"
               focusBitmapUri="pkg:/images/yellow.png"
               iconUri = "pkg:/images/icon.png" focusedIconUri = "pkg:/images/icon_focus.png" 
               />
            <Button
               id="timerButton"
               text="Timer Options"
               focusable="true" 
               focusBitmapUri="pkg:/images/yellow.png"
               iconUri = "pkg:/images/icon.png" focusedIconUri = "pkg:/images/icon_focus.png"
               />    
               </ButtonGroup>

        <ButtonGroup id="timerOptionsGroup" translation="[520,450]" orientation="vertical" visible="false" minwidth="200" minheight="65" 
               textColor="0xFFFFFFFF" >
            <Button id="timer5Btn" text="5 seconds" focusable="true" textColor="0xFFFFFFFF" focusBitmapUri="pkg:/images/yellow.png"
            iconUri = "pkg:/images/icon.png" focusedIconUri = "pkg:/images/icon_focus.png"/>
            <Button id="timer10Btn" text="10 seconds" focusable="true" textColor="0xFFFFFFFF" focusBitmapUri="pkg:/images/yellow.png"
            iconUri = "pkg:/images/icon.png" focusedIconUri = "pkg:/images/icon_focus.png"/>
            <Button id="timer15Btn" text="15 seconds" focusable="true" textColor="0xFFFFFFFF" focusBitmapUri="pkg:/images/yellow.png"
            iconUri = "pkg:/images/icon.png" focusedIconUri = "pkg:/images/icon_focus.png"/>
            <Button id="timerBackBtn" text="Back" focusable="true" textColor="0xFFFFFFFF" focusBitmapUri="pkg:/images/yellow.png"
            iconUri = "pkg:/images/icon.png" focusedIconUri = "pkg:/images/icon_focus.png"/>
        </ButtonGroup>

        <Timer id="countdownTimer" duration="1.0" repeat="true"/>

        <Label id="timerLabel" text="Time: 10" width="400" height="50" translation="[840,50]"/>
        <Label id="questionLabel" text=" " translation="[100,300]"/>
        <Label id="scoreLabel" text="Score: " translation="[840,100]"/>
    
        <ButtonGroup  
        id="group" translation="[100,350]" minWidth="400" 
        focusedtextcolor="0xFFFFFFFF" textcolor="0x449EBC"
        iconUri = "pkg:/images/icon.png"
        focusedIconUri = "pkg:/images/icon_focus.png">
            <Button id="btnA" text="A!" focusBitmapUri="pkg:/images/yellow.png" focusedTextColor="0xFFFFFFFF" textColor="0x449EBC"
            iconUri = "pkg:/images/icon.png" focusedIconUri = "pkg:/images/icon_focus.png"/>
            <Button id="btnB" text="B!" focusBitmapUri="pkg:/images/yellow.png" focusedTextColor="0xFFFFFFFF" textColor="0x449EBC"
            iconUri = "pkg:/images/icon.png" focusedIconUri = "pkg:/images/icon_focus.png"/>
            <Button id="btnC" text="C!" focusBitmapUri="pkg:/images/yellow.png" focusedTextColor="0xFFFFFFFF" textColor="0x449EBC"
            iconUri = "pkg:/images/icon.png" focusedIconUri = "pkg:/images/icon_focus.png"/>
            <Button id="btnD" text="D!" focusBitmapUri="pkg:/images/yellow.png" focusedTextColor="0xFFFFFFFF" textColor="0x449EBC"
            iconUri = "pkg:/images/icon.png" focusedIconUri = "pkg:/images/icon_focus.png"/>
            <Button id="next" text="Next" focusBitmapUri="pkg:/images/yellow.png" focusedTextColor="0xFFFFFFFF" textColor="C4EFF7"
            iconUri = "pkg:/images/icon.png" focusedIconUri = "pkg:/images/icon_focus.png"/>
        </ButtonGroup>
        <Button id="replay" text="Replay" 
        translation="[590,360]" minWidth="100" 
        focusBitmapUri="pkg:/images/orange.png" textColor="0xFFFFFFFF"
        focusedTextColor="0xFFFFFFFF"
        iconUri = "pkg:/images/icon.png"
        focusedIconUri = "pkg:/images/icon_focus.png"/>
        <Label id="feedbacklabel" text=" " translation="[100,650]"/>

         <Poster 
            id="clockworth_home"
            uri="pkg:/images/cw1.png"
            width="500" height="400"
            translation="[0,200]"/>
             <Animation
                id="cwAnimInit"
                duration="6"
                repeat="false"
                easeFunction="linear">
                <Vector2DFieldInterpolator
                    fieldToInterp="clockworth_home.translation"
                    key="[0.0, 1.0]"
                    keyValue="[[-600,200], [1300,200]]" />
            </Animation>
           
        <Timer id="cwTimer" duration="0.1" repeat="true" />
    </children>
</component>