<?xml version="1.0" encoding="utf-8" ?>
<component name="vstest" extends="Scene">
    <script type="text/brightscript" uri="pkg:/components/vstest.brs"/>
    <children>
        <Rectangle 
           id="backgroundRect"
           width="1280" height="720"
           color="0xC4EFF7"
           translation="[0,0]" />
        <Poster
            id="blueA"
            uri="pkg:/images/blue.png"
            width="400" height="65"
            translation="[100,350]"/>
        <Poster
            id="blueB"
            uri="pkg:/images/blue.png"
            width="400" height="65"
            translation="[100,400]"/>
        <Poster
            id="blueC"
            uri="pkg:/images/blue.png"
            width="400" height="65"
            translation="[100,450]"/>
        <Poster
            id="blueD"
            uri="pkg:/images/blue.png"
            width="400" height="65"
            translation="[100,500]"/>
        <Poster
            id="orangeNext"
            uri="pkg:/images/orange.png"
            width="400" height="65"
            translation="[100,550]"/>
        <Poster
            id="StartColor"
            uri="pkg:/images/blue.png"
            width="240" height="65"
            translation="[500,300]"/>
        <Poster
            id="TimerColor"
            uri="pkg:/images/blue.png"
            width="240" height="65"
            translation="[500,349]"
            />
        <Poster
            id="title_blue"
            uri="pkg:/images/title_blue.png"
            width="600" height="200"
            translation="[0,0]"/>
            <Animation
                id="blueAnimation"
                duration="1"
                repeat="false"
                startOffset="0.0"
                easeFunction="inOutExpo">
                <Vector2DFieldInterpolator
                    fieldToInterp="title_blue.translation"
                    key="[0.0, 0.20, 0.40, 0.60, 0.80, 1.0]"
                    keyValue="[[0,295], [200,295], [585,60], [585,470], [60,470], [50,50]]" />
            </Animation>
        <Poster
            id="title_orange"
            uri="pkg:/images/title_orange.png"
            width="600" height="200"
            translation="[0,0]"/>
            <Animation
                id="orangeAnimation"
                duration="1"
                repeat="false"
                startOffset="0.5"
                easeFunction="inOutExpo">
                <Vector2DFieldInterpolator
                    fieldToInterp="title_orange.translation"
                    key="[0.0, 0.20, 0.40, 0.60, 0.80, 1.0]"
                    keyValue="[[0,265], [230,265], [615,30], [615,500], [30,500], [70,30]]" />
            </Animation>
        <Poster
            id="title_yellow"
            uri="pkg:/images/title_yellow.png"
            width="600" height="200"
            translation="[0,0]"/>
            <Animation
                id="yellowAnimation"
                duration="1"
                repeat="false"
                startOffset="1.0"
                easeFunction="inOutExpo">
                <Vector2DFieldInterpolator
                    fieldToInterp="title_yellow.translation"
                    key="[0.0, 0.20, 0.40, 0.60, 0.80, 1.0]"
                    keyValue="[[0,235], [260,235], [645,0], [645,530], [0,530], [90,10]]" />
            </Animation>
        <Poster
            id="thinkfast"
            uri="pkg:/images/thinkfast.png"
            width="650" height="140"
            translation="[0,0]"/>
            <Animation
                id="thinkfastAnimation"
                duration="1"
                repeat="false"
                startOffset="1.2"
                easeFunction="inOutExpo">                <Vector2DFieldInterpolator
                    fieldToInterp="thinkfast.translation"
                    key="[0.0, 0.20, 0.40, 0.60, 0.80, 1.0]"
                    keyValue="[[0,260], [170,260], [555,25], [555,555], [-95,555], [20,40]]" />
            </Animation>

        <ButtonGroup id="menuButtonGroup" translation="[500,300]" orientation="vertical" minWidth="200" minheight="65" 
               textColor="0xFFFFFFFF">
            <Button
               id="startButton"
               text="Start Quiz"
               focusable="true"
               textColor="0x000000"
               focusBitmapUri="pkg:/images/yellow.png" 
               focusedTextColor="0xFFFFFFFF"
               textColor="0xFFFFFFFF"/>
            <Button
               id="timerButton"
               text="Timer Options"
               focusable="true" 
               focusBitmapUri="pkg:/images/yellow.png" 
               focusedTextColor="0xFFFFFFFF"
               textColor="0xFFFFFFFF"/>        
               </ButtonGroup>

        <ButtonGroup id="timerOptionsGroup" translation="[500,450]" orientation="vertical" visible="false">
            <Button id="timer5Btn" text="5 seconds" focusable="true" textColor="0x000000"/>
            <Button id="timer10Btn" text="10 seconds" focusable="true" textColor="0x000000"/>
            <Button id="timer15Btn" text="15 seconds" focusable="true" textColor="0x000000"/>
            <Button id="timerBackBtn" text="Back" focusable="true" textColor="0x000000"/>
        </ButtonGroup>        <Timer id="countdownTimer" duration="1.0" repeat="true"/>

        <Label id="timerLabel" text="Time: 10" width="400" height="50" translation="[840,50]"/>
        <Label id="questionLabel" text=" " translation="[100,300]"/>
        <Label id="scoreLabel" text="Score: " translation="[840,100]"/>
    
        <ButtonGroup  
        id="group" translation="[100,350]" minWidth="400" 
        focusedtextcolor="0xFFFFFFFF" textcolor="0x449EBC">
            <Button id="btnA" text="A!" focusBitmapUri="pkg:/images/yellow.png" focusedTextColor="0xFFFFFFFF" textColor="0x449EBC"/>
            <Button id="btnB" text="B!" focusBitmapUri="pkg:/images/yellow.png" focusedTextColor="0xFFFFFFFF" textColor="0x449EBC"/>
            <Button id="btnC" text="C!" focusBitmapUri="pkg:/images/yellow.png" focusedTextColor="0xFFFFFFFF" textColor="0x449EBC"/>
            <Button id="btnD" text="D!" focusBitmapUri="pkg:/images/yellow.png" focusedTextColor="0xFFFFFFFF" textColor="0x449EBC"/>
            <Button id="next" text="Next" focusBitmapUri="pkg:/images/yellow.png" focusedTextColor="0xFFFFFFFF" textColor="C4EFF7"/>
        </ButtonGroup>

        <Button id="replay" text="Replay" translation="[590,360]" minWidth="100" focusBitmapUri="pkg:/images/blue.png"/>
        <Label id="feedbacklabel" text=" " translation="[100,650]"/>
        <Poster
            id="endImage"
            uri="pkg:/images/drphill.png"
            width="200"
            height="150"
            translation="[100, 100]"
            visible="false">
            <Animation
                id="moveAnimation"
                duration="3"
                repeat="true"
                easeFunction="linear">
            <Vector2DFieldInterpolator
                id="moveInterpolator"
                key="[0.0, 0.25, 0.5, 0.75, 1.0]"
                keyValue="[[100,100], [980,100], [980,470], [100,470], [100,100]]"
                fieldToInterp="endImage.translation"/>
            </Animation>
        </Poster>
        <Poster
        id="endImage"
        uri="pkg:/images/drphill.jpg"
        width="200"
        height="150"
        translation="[100, 100]"
        visible="false">
        <Animation
            id="moveAnimation"
            duration="3"
            repeat="true"
            easeFunction="linear">
            <Vector2DFieldInterpolator
                id="moveInterpolator"
                key="[0.0, 0.25, 0.5, 0.75, 1.0]"
                keyValue="[[100,100], [980,100], [980,470], [100,470], [100,100]]"
                fieldToInterp="endImage.translation"/>
        </Animation>
        </Poster>
    </children>
</component>