<?xml version="1.0" encoding="utf-8" ?>
<component name="vstest" extends="Scene">
    <script type="text/brightscript" uri="pkg:/components/vstest.brs"/>

    <children>
        <Label
           id="inittitle"
           text="Get Started"
           width="400" height="50"
           translation="[570,100]" />
       <Button
           id="startButton"
           text="Start Quiz"
           translation="[500,200]"
           focusable="true" />

        <label id="titleLabel" text="THINK FAST! insert logo here or whatever" width="840" height="50" translation="[100,50]"/>
        <label id="timerLabel" text="Time: 10" width="400" height="50" translation="[840,50]"/>
        <Timer id="countdownTimer" duration="1.0" repeat="true"/>
        <Label id="questionLabel" text=" " translation="[100,200]"/>
        <Label id="scoreLabel" text="Score: " translation="[840,100]"/>
    
        <ButtonGroup  
        id="group" translation="[100,250]" minWidth="400" 
        focusedtextcolor="0xFFFFFFFF" textcolor="0x449EBC" 
        focusBitmapUri="pkg:/images/yellow.png">
            <Button id="btnA" text="A!"/>
            <Button id="btnB" text="B!"/>
            <Button id="btnC" text="C!"/>
            <Button id="btnD" text="D!"/>
            <Button id="next" text="Next"/>
        </ButtonGroup>

        <Button id="replay" text="Replay" translation="[590,360]" minWidth="100"/>
        <Label id="feedbacklabel" text=" " translation="[100,600]"/>
    </children>
</component>