<?xml version="1.0" encoding="utf-8" ?>
<component name="vstest" extends="Scene">
    <script type="text/brightscript" uri="pkg:/components/vstest.brs"/>
    <script type="text/brightscript" uri="pkg:/components/lists.brs"/>
    <script type="text/brightscript" uri="pkg:/components/procedures.brs"/>
    <children>
        <Poster
           id="rokubg"
           width="1280" height="720"
           uri="pkg:/images/rokubg.png"
           translation="[0,0]" />

        'button group colors
        <Poster
            id="blueA"
            uri="pkg:/images/blue.png"
            width="720" height="65"
            translation="[50,350]"/>
        <Poster
            id="blueB"
            uri="pkg:/images/blue.png"
            width="720" height="65"
            translation="[50,400]"/>
        <Poster
            id="blueC"
            uri="pkg:/images/blue.png"
            width="720" height="65"
            translation="[50,450]"/>
        <Poster
            id="blueD"
            uri="pkg:/images/blue.png"
            width="720" height="65"
            translation="[50,500]"/>
        <Poster
            id="orangeNext"
            uri="pkg:/images/orange.png"
            width="720" height="65"
            translation="[50,550]"/>


        
        
        'menu group colors
        <Poster
            id="startColor"
            uri="pkg:/images/blue.png"
            width="255" height="65"
            translation="[500,300]"/>
        <Poster
            id="modesColor"
            uri="pkg:/images/blue.png"
            width="255" height="65"
            translation="[500,350]"
            />

            
        'toptions colors
        <Poster
            id="Ta"
            uri="pkg:/images/blue.png"
            width="260" height="65"
            translation="[520,450]"
            />
        <Poster
            id="Tb"
            uri="pkg:/images/blue.png"
            width="260" height="65"
            translation="[520,500]"
            />
        <Poster
            id="Tc"
            uri="pkg:/images/blue.png"
            width="260" height="65"
            translation="[520,550]"
            />
        <Poster
            id="Td"
            uri="pkg:/images/blue.png"
            width="260" height="65"
            translation="[520,600]"
            />


        'title animations
        <Poster
            id="title_blue"
            uri="pkg:/images/title_blue.png"
            width="600" height="200"
            translation="[0,0]"/>
            <Animation
                id="blueAnimation"
                duration="1"
                repeat="false"
                startOffset="0.0"
                easeFunction="inOutExpo">
                <Vector2DFieldInterpolator
                    fieldToInterp="title_blue.translation"
                    key="[0.0, 0.20, 0.40, 0.60, 0.80, 1.0]"
                    keyValue="[[0,295], [200,295], [585,60], [585,470], [60,470], [50,50]]" />
            </Animation>
        <Poster
            id="title_orange"
            uri="pkg:/images/title_orange.png"
            width="600" height="200"
            translation="[0,0]"/>
            <Animation
                id="orangeAnimation"
                duration="1"
                repeat="false"
                startOffset="0.5"
                easeFunction="inOutExpo">
                <Vector2DFieldInterpolator
                    fieldToInterp="title_orange.translation"
                    key="[0.0, 0.20, 0.40, 0.60, 0.80, 1.0]"
                    keyValue="[[0,265], [230,265], [615,30], [615,500], [30,500], [70,30]]" />
            </Animation>
        <Poster
            id="title_yellow"
            uri="pkg:/images/title_yellow.png"
            width="600" height="200"
            translation="[0,0]"/>
            <Animation
                id="yellowAnimation"
                duration="1"
                repeat="false"
                startOffset="1.0"
                easeFunction="inOutExpo">
                <Vector2DFieldInterpolator
                    fieldToInterp="title_yellow.translation"
                    key="[0.0, 0.20, 0.40, 0.60, 0.80, 1.0]"
                    keyValue="[[0,235], [260,235], [645,0], [645,530], [0,530], [90,10]]" />
            </Animation>
        <Poster
            id="thinkfast"
            uri="pkg:/images/singfast.png"
            width="700" height="140"
            translation="[0,0]"/>
            <Animation
                id="thinkfastAnimation"
                duration="1"
                repeat="false"
                startOffset="1.2"
                easeFunction="inOutExpo">
                <Vector2DFieldInterpolator
                    fieldToInterp="thinkfast.translation"
                    key="[0.0, 0.20, 0.40, 0.60, 0.80, 1.0]"
                    keyValue="[[0,260], [170,260], [555,25], [555,555], [-95,555], [20,40]]" />
            </Animation>

'menuButtonGroup
<ButtonGroup id="menuButtonGroup" translation="[500,300]" orientation="vertical" minWidth="255" minheight="65" 
               textColor="0xFFFFFFFF" focusedTextColor="0xFFFFFFFF">
            <Button
               id="startBtn"
               text="Start Quiz"
               focusable="true"
               focusBitmapUri="pkg:/images/yellow.png"
               iconUri = "pkg:/images/icon.png" focusedIconUri = "pkg:/images/icon_focus.png" 
               />   

            <Button
               id="settingsBtn"
               text="Settings"
               focusable="true" 
               focusBitmapUri="pkg:/images/yellow.png"
               iconUri = "pkg:/images/icon.png" focusedIconUri = "pkg:/images/icon_focus.png"
               />   
               </ButtonGroup>

'quizButtonGroup
<ButtonGroup id="quizGroup" translation="[520,450]" orientation="vertical" visible="false" minwidth="255" minheight="65" 
textColor="0xFFFFFFFF" >
            <Button id="timerSelBtn" text="timer" focusable="true" textColor="0xFFFFFFFF" focusBitmapUri="pkg:/images/yellow.png"
            iconUri = "pkg:/images/icon.png" focusedIconUri = "pkg:/images/icon_focus.png"/>

            <Button id="playlistSelBtn" text="playlist" focusable="true" textColor="0xFFFFFFFF" focusBitmapUri="pkg:/images/yellow.png"
            iconUri = "pkg:/images/icon.png" focusedIconUri = "pkg:/images/icon_focus.png"/>
            
            <Button id="singmultiSelBtn" text="single/multi" focusable="true" textColor="0xFFFFFFFF" focusBitmapUri="pkg:/images/yellow.png"
            iconUri = "pkg:/images/icon.png" focusedIconUri = "pkg:/images/icon_focus.png"/>
        </ButtonGroup>

'timerGroup
<ButtonGroup id="timerGroup" translation="[520,450]" orientation="vertical" visible="false" minwidth="255" minheight="65" 
textColor="0xFFFFFFFF" >

            <Button id="timerA" text="10 seconds" focusable="true" textColor="0xFFFFFFFF" focusBitmapUri="pkg:/images/yellow.png"
            iconUri = "pkg:/images/icon.png" focusedIconUri = "pkg:/images/icon_focus.png"/>

            <Button id="timerB" text="15 seconds" focusable="true" textColor="0xFFFFFFFF" focusBitmapUri="pkg:/images/yellow.png"
            iconUri = "pkg:/images/icon.png" focusedIconUri = "pkg:/images/icon_focus.png"/>

            <Button id="timerC" text="20 seconds" focusable="true" textColor="0xFFFFFFFF" focusBitmapUri="pkg:/images/yellow.png"
            iconUri = "pkg:/images/icon.png" focusedIconUri = "pkg:/images/icon_focus.png"/>
        </ButtonGroup>
'playlistGroup
<ButtonGroup id="playlistGroup" translation="[520,450]" orientation="vertical" visible="false" minwidth="255" minheight="65" 
textColor="0xFFFFFFFF" >

            <Button id="playlistBtn" text="Roku Playlist" focusable="true" textColor="0xFFFFFFFF" focusBitmapUri="pkg:/images/yellow.png"
            iconUri = "pkg:/images/icon.png" focusedIconUri = "pkg:/images/icon_focus.png"/>

            <Button id="spotifyBtn" text="My Spotify" focusable="true" textColor="0xFFFFFFFF" focusBitmapUri="pkg:/images/yellow.png"
            iconUri = "pkg:/images/icon.png" focusedIconUri = "pkg:/images/icon_focus.png"/>
</ButtonGroup>
'singmultiGroup
<ButtonGroup id="singmultiGroup" translation="[520,450]" orientation="vertical" visible="false" minwidth="255" minheight="65" 
textColor="0xFFFFFFFF" >

            <Button id="singleBtn" text="single player" focusable="true" textColor="0xFFFFFFFF" focusBitmapUri="pkg:/images/yellow.png"
            iconUri = "pkg:/images/icon.png" focusedIconUri = "pkg:/images/icon_focus.png"/>

            <Button id="multiBtn" text="multiplayer" focusable="true" textColor="0xFFFFFFFF" focusBitmapUri="pkg:/images/yellow.png"
            iconUri = "pkg:/images/icon.png" focusedIconUri = "pkg:/images/icon_focus.png"/>
        </ButtonGroup>

        <Timer id="countdownTimer" duration="1.0" repeat="true"/>
        <Label id="timerLabel" text="Time: 10" width="400" height="50" translation="[840,50]"/>
        <Label id="questionLabel" text=" " translation="[100,300]" textColor="0x449EBC"/>
        <Label id="scoreLabel" text="Score: " translation="[840,100]"/>
        <Label id="feedbackLabel" text=" " translation="[100,620]"/>
    

'group group
<ButtonGroup  
id="group" translation="[50,350]" minWidth="700" maxWidth="700"
focusedtextcolor="0xFFFFFFFF" textcolor="0x449EBC"
iconUri = "pkg:/images/icon.png"
focusedIconUri = "pkg:/images/icon_focus.png">
            <Button id="btnA" text="A!" focusBitmapUri="pkg:/images/yellow.png" focusedTextColor="0xFFFFFFFF" textColor="0x449EBC"
            iconUri = "pkg:/images/icon.png" focusedIconUri = "pkg:/images/icon_focus.png"/>

            <Button id="btnB" text="B!" focusBitmapUri="pkg:/images/yellow.png" focusedTextColor="0xFFFFFFFF" textColor="0x449EBC"
            iconUri = "pkg:/images/icon.png" focusedIconUri = "pkg:/images/icon_focus.png"/>

            <Button id="btnC" text="C!" focusBitmapUri="pkg:/images/yellow.png" focusedTextColor="0xFFFFFFFF" textColor="0x449EBC"
            iconUri = "pkg:/images/icon.png" focusedIconUri = "pkg:/images/icon_focus.png"/>

            <Button id="btnD" text="D!" focusBitmapUri="pkg:/images/yellow.png" focusedTextColor="0xFFFFFFFF" textColor="0x449EBC"
            iconUri = "pkg:/images/icon.png" focusedIconUri = "pkg:/images/icon_focus.png"/>

            <Button id="nextbtn" text="Skip" focusBitmapUri="pkg:/images/yellow.png" focusedTextColor="0xFFFFFFFF" textColor="C4EFF7"
            iconUri = "pkg:/images/icon.png" focusedIconUri = "pkg:/images/icon_focus.png"/>

        </ButtonGroup>

<Button id="replayBtn" text="Replay" translation="[590,360]" minWidth="100" 
focusBitmapUri="pkg:/images/orange.png" textColor="0xFFFFFFFF" focusedTextColor="0xFFFFFFFF"
iconUri = "pkg:/images/icon.png" focusedIconUri = "pkg:/images/icon_focus.png"/>

    </children>
</component>