<?xml version="1.0" encoding="utf-8" ?>
<component name="MainScene" extends="Scene">
    <script type="text/brightscript" uri="MainScene.brs" />
    <children>
        <Rectangle id="background" color="0x000000" width="1920" height="1080" />
            
            <Label id="titleLabel" 
                   text="Room Data Viewer" 
                   font="font:LargeBoldSystemFont"
                   color="0xFFFFFF"
                   horizAlignment="center" />
            
            <Label id="statusLabel" 
                   text="Press OK to load data" 
                   font="font:MediumSystemFont"
                   color="0xCCCCCC"
                   horizAlignment="center"
                   translation="[0, 30]" />
            
            <Rectangle id="loadButton"
                       color="0x0066CC"
                       width="300"
                       height="60"
                       translation="[0, 80]">
                <Label id="buttonLabel"
                       text="Load Room Data"
                       font="font:MediumBoldSystemFont"
                       color="0xFFFFFF"
                       horizAlignment="center"
                       vertAlignment="center"
                       translation="[150, 30]" />
            </Rectangle>
        <Label id="dataDisplay"
                           text="will display data here"
                           font="font:SmallSystemFont"
                           color="0xFFFFFF"
                           width="500"
                           height="400"
                           translation="[840, 50]"
                           visible="false"/>
    </children>
</component>